Power (W),Voltage (V),Current (A),Temperature (Â°C),Humidity (%),Vibration (Hz),Operating Time (Hours),Maintenance Status
910,219,4.64,80,62,1.1,553,1
1344,240,8.27,55,76,1.77,123,0
1180,248,1.64,19,60,2.6,843,0
1145,219,5.67,40,61,3.11,298,0
1688,221,0.55,45,69,4.56,885,1
2219,227,3.58,11,39,2.6,929,1
516,239,3.98,69,64,2.56,690,0
1288,248,4.26,16,59,0.35,575,0
380,206,7.11,18,58,0.27,484,0
1532,200,4.19,25,68,2.8,165,0
2185,231,4.76,47,72,2.25,699,1
180,212,2.76,51,42,4.21,383,1
1735,229,4.05,95,66,0.89,209,1
819,222,2.66,69,51,0.22,739,0
2441,218,1.2,54,71,2.3,432,1
1565,231,6.23,99,66,1.26,389,1
2483,229,6.85,74,52,0.34,560,1
1265,228,6.39,32,76,3.65,224,0
1005,248,4.9,61,65,0.65,3,0
2374,244,4.11,87,24,3.08,372,1
1234,228,8.7,22,62,1.48,687,0
509,229,5.43,14,67,0.95,446,0
71,215,5.05,26,53,1.96,611,0
2350,239,0.74,74,59,4.03,116,1
797,218,3.74,63,30,2.02,270,0
524,217,4.11,80,69,3.78,447,1
1132,200,4.29,50,22,0.71,368,0
2097,213,6.01,52,77,3.89,253,1
1025,246,5.57,77,52,1.26,317,1
1856,249,6.28,90,30,3.42,415,1
239,201,7.77,81,35,2.87,95,1
612,227,8.22,91,37,4.65,785,1
1949,248,7.32,50,49,2.0,892,0
1317,249,9.58,46,67,0.42,24,0
1578,229,0.67,3,74,0.19,628,0
696,237,2.36,6,29,4.15,663,1
2118,203,0.57,34,37,2.67,850,1
2264,200,6.65,47,57,3.9,50,1
1347,207,9.03,72,38,1.25,502,0
2485,228,2.81,71,55,1.79,718,1
650,238,9.31,44,78,0.25,498,0
2413,202,1.07,80,32,4.81,335,1
2111,231,9.38,80,75,3.37,79,1
291,209,3.84,96,65,4.67,582,1
2091,209,1.46,95,22,1.4,27,1
1413,218,5.12,71,29,3.1,271,0
2189,245,2.94,18,57,3.42,562,1
1440,233,3.21,62,20,1.66,804,0
1528,232,3.42,37,74,4.26,247,1
825,222,8.13,66,75,4.74,776,1
84,227,5.62,58,46,4.44,591,1
2303,231,3.46,68,65,3.72,387,1
2005,249,6.3,12,27,1.46,702,1
1635,206,7.3,46,70,1.48,559,0
1071,228,3.09,60,65,4.82,973,1
1179,207,4.43,30,61,0.15,361,0
1550,200,1.66,79,36,3.61,866,1
752,202,2.22,95,28,3.56,984,1
2499,223,6.97,21,25,3.15,488,1
1629,222,2.22,92,62,4.95,352,1
211,207,5.49,85,44,1.63,701,1
251,246,7.24,42,58,1.77,928,0
2031,236,1.52,66,68,0.49,256,1
1045,202,5.89,53,79,2.27,222,0
2367,232,2.94,9,47,1.38,884,1
865,227,9.65,41,52,1.78,753,0
505,246,5.09,63,73,4.19,781,1
1325,207,8.16,20,56,4.68,1,1
1066,233,5.73,79,28,1.01,546,1
2393,234,0.91,75,37,1.93,446,1
387,231,6.51,65,75,4.65,79,1
928,223,9.54,40,78,0.4,236,0
1126,213,6.22,23,40,0.55,334,0
841,231,8.28,34,21,0.9,889,0
2314,245,8.9,55,77,3.02,349,1
813,242,2.67,29,62,0.84,98,0
2285,215,2.51,56,78,4.84,82,1
429,203,6.3,93,79,2.29,502,1
542,236,4.4,46,57,2.56,967,0
1230,220,8.48,34,77,1.31,477,0
2112,213,9.05,18,59,2.41,927,1
114,230,3.86,7,55,3.34,704,0
1417,247,2.75,25,69,3.78,765,0
1202,217,7.91,70,79,3.79,921,0
2077,206,3.11,29,62,2.93,550,1
1545,209,8.31,6,56,4.53,14,1
1212,206,4.53,66,34,4.11,392,1
1572,232,6.84,64,47,3.81,347,0
441,222,1.41,35,37,0.37,310,0
1748,220,6.43,24,53,0.13,386,0
468,218,4.79,36,41,1.14,209,0
2386,247,6.07,0,30,3.35,357,1
428,218,2.1,14,77,2.11,974,0
1846,235,7.5,36,76,2.07,601,0
2328,228,8.7,12,32,4.43,568,1
2138,217,2.56,7,23,4.49,94,1
2232,201,1.41,4,41,4.55,93,1
250,200,0.72,59,26,1.64,340,0
1913,246,6.6,72,62,3.49,597,0
829,204,6.27,0,73,1.43,445,0
552,219,5.69,35,43,1.03,757,0
1801,210,2.7,34,23,1.0,22,0
854,241,4.21,65,47,1.78,291,0
2196,201,6.15,62,34,2.21,485,1
1945,202,5.22,22,20,4.17,784,1
1620,222,9.88,8,74,0.69,306,0
1010,211,1.8,33,22,3.7,634,0
1535,219,7.1,45,33,2.7,128,0
1078,204,4.34,77,57,1.51,625,1
552,236,4.57,3,69,2.51,939,0
447,237,7.32,29,76,1.57,273,0
920,229,7.08,94,20,3.02,848,1
442,208,9.92,74,57,2.23,442,0
256,233,1.72,98,57,0.91,503,1
1088,243,1.49,71,40,0.67,130,0
1931,234,7.38,2,67,2.78,132,0
1534,221,5.99,13,48,4.52,597,1
913,243,3.1,59,24,1.79,935,0
613,223,1.25,76,68,3.69,482,1
1070,216,1.31,44,29,3.33,862,0
145,209,8.99,95,47,4.66,390,1
1973,229,2.32,33,40,4.12,593,1
1807,245,3.57,44,69,2.88,999,0
2328,222,2.65,60,26,3.32,985,1
1728,231,3.87,82,22,4.5,325,1
590,216,1.16,15,64,2.06,69,0
1109,249,5.43,65,66,1.7,660,0
1233,216,1.14,39,39,0.15,448,0
1772,213,8.1,16,38,4.15,528,1
1869,208,2.72,33,54,4.02,819,1
1647,239,5.63,15,23,0.61,617,0
845,201,8.86,59,24,2.93,165,0
1101,244,6.68,65,20,2.37,488,0
1693,224,5.56,65,23,0.68,713,0
1413,238,3.58,89,31,4.9,709,1
2031,208,3.66,12,79,1.15,426,1
1404,221,6.86,55,46,0.43,697,0
1713,242,9.94,30,75,3.01,834,0
1579,245,6.79,33,61,3.72,265,0
2088,203,5.8,38,42,0.26,875,1
1546,225,7.44,66,44,3.33,612,0
2287,228,4.92,7,40,2.71,342,1
1458,244,1.07,86,77,0.61,832,1
1450,233,5.84,77,71,0.95,726,1
1356,222,9.6,54,43,2.88,278,0
1022,236,2.17,26,44,1.55,674,0
1818,210,7.06,92,64,4.7,439,1
1332,205,2.41,52,74,4.11,157,1
759,217,5.59,38,65,4.92,422,1
1529,220,1.42,64,51,1.37,251,0
1484,241,4.78,16,74,4.85,878,1
698,235,7.68,29,51,2.21,609,0
367,240,3.8,52,24,1.8,530,0
1307,237,6.82,12,55,0.35,327,0
733,233,8.06,20,65,0.36,961,0
713,216,9.31,18,61,3.49,895,0
2048,236,2.73,52,68,2.34,97,1
1681,224,4.29,18,61,1.21,513,0
1545,237,1.95,56,77,3.11,216,0
1186,211,9.93,24,58,1.34,132,0
1903,222,9.31,85,35,2.93,260,1
1570,241,5.63,30,52,1.86,125,0
613,221,8.5,80,68,4.14,82,1
1341,220,5.45,54,40,4.12,283,1
1686,226,6.42,22,28,2.44,683,0
748,230,1.35,31,25,1.82,59,0
2210,205,7.68,61,70,1.88,544,1
51,226,1.71,73,64,4.05,161,1
691,239,8.35,9,54,1.71,284,0
2317,233,7.93,99,58,1.12,106,1
1639,211,7.23,71,41,0.51,105,0
904,244,0.84,53,60,2.39,439,0
1809,206,3.38,51,73,2.46,228,0
2482,209,3.0,19,24,4.22,700,1
1711,244,3.92,31,61,1.18,582,0
1203,216,1.33,13,42,1.97,318,0
1126,225,9.4,49,36,4.06,464,1
1757,220,5.76,27,31,4.14,802,1
1745,227,3.4,52,42,1.98,599,0
1783,245,4.27,23,35,2.35,882,0
1489,201,4.75,78,22,1.59,874,1
2344,242,6.21,21,49,4.67,472,1
885,200,5.4,29,76,0.68,56,0
252,235,9.23,62,41,4.68,625,1
172,225,5.22,3,28,3.45,13,0
450,228,9.93,76,48,2.7,440,1
816,220,8.59,58,66,0.26,18,0
343,210,2.48,86,56,2.43,694,1
2377,239,9.34,7,42,2.1,973,1
247,210,1.61,81,32,0.89,113,1
1980,235,8.27,11,51,3.32,229,0
2241,248,4.12,30,65,4.86,171,1
658,238,8.84,77,71,2.85,295,1
1197,239,8.75,33,66,3.6,189,0
236,234,8.16,81,67,0.44,426,1
1844,233,8.01,97,42,2.15,977,1
709,246,3.39,74,64,0.67,79,0
2005,223,1.27,75,36,3.1,658,1
1419,221,4.33,48,74,4.7,919,1
2036,204,2.15,78,59,3.34,182,1
1584,232,7.1,56,40,0.48,499,0
196,235,3.79,94,21,1.84,798,1
1784,246,9.77,92,56,2.8,762,1
1893,219,6.59,25,25,2.08,866,0
538,218,8.31,17,63,4.18,826,1
2009,234,1.76,95,37,4.09,708,1
1713,242,8.69,85,49,3.1,835,1
2435,216,9.27,37,41,1.93,71,1
690,244,5.13,80,73,1.35,248,1
1852,242,6.26,86,52,0.62,146,1
2019,233,7.77,87,49,1.84,618,1
2248,208,2.16,49,36,2.12,775,1
1488,225,5.27,7,62,3.41,296,0
1684,201,4.29,40,51,3.32,582,0
312,208,1.89,5,61,0.44,470,0
1837,208,3.99,68,70,2.04,506,0
2241,239,1.15,43,33,0.99,193,1
2443,216,0.75,63,77,0.87,68,1
673,200,1.78,28,29,4.15,494,1
1066,224,9.65,27,66,0.31,817,0
930,242,5.72,10,79,2.15,52,0
2099,239,9.68,64,70,0.92,882,1
1377,241,4.61,18,55,4.41,363,1
2351,224,3.46,8,53,2.83,797,1
502,238,5.31,26,28,1.23,917,0
1233,234,4.68,33,61,2.56,474,0
2106,202,1.5,43,47,3.68,846,1
1732,249,6.59,67,30,4.79,521,1
2305,236,2.55,99,33,1.18,763,1
1204,243,6.39,81,58,4.44,431,1
453,243,6.68,14,74,4.68,844,1
2249,229,1.94,50,66,4.59,298,1
2151,237,1.08,12,73,3.21,435,1
1746,233,7.92,82,38,3.19,696,1
677,211,4.87,48,73,2.08,691,0
636,218,1.05,69,34,3.79,198,0
1698,236,9.95,55,47,2.7,128,0
1493,243,1.05,75,43,3.42,532,0
1495,248,7.1,50,27,2.2,984,0
153,216,9.84,36,62,3.68,411,0
303,209,2.77,16,28,4.14,934,1
1546,248,1.85,57,66,0.82,840,0
148,246,1.65,86,52,4.18,65,1
2250,211,3.38,89,52,2.75,694,1
1934,215,1.46,28,38,4.24,241,1
1969,223,7.08,32,22,2.21,369,0
927,218,1.09,59,29,1.96,536,0
387,207,5.34,90,59,4.58,384,1
1006,230,9.97,88,66,1.33,431,1
1754,220,8.23,54,61,4.24,967,1
210,216,6.34,9,20,2.47,83,0
1653,222,3.41,46,48,2.62,982,0
447,236,6.43,22,69,1.61,831,0
1350,215,5.51,84,53,2.91,697,1
865,205,4.55,20,70,1.69,951,0
1577,207,1.74,12,32,0.29,828,0
1969,224,8.92,32,73,1.43,611,0
1465,217,4.77,23,20,0.13,574,0
1208,224,2.35,10,53,4.89,286,1
1268,211,3.99,16,48,4.83,989,1
450,214,4.43,67,67,2.04,534,0
689,225,8.36,46,66,3.67,459,0
509,240,7.47,24,32,1.79,212,0
1004,244,7.81,93,67,3.39,126,1
519,225,0.6,72,68,4.05,413,1
1095,246,4.45,20,72,4.74,499,1
1743,231,5.07,83,48,2.06,425,1
2135,209,0.68,82,58,3.94,554,1
2327,215,2.97,82,43,1.4,610,1
612,206,7.72,11,45,4.95,961,1
1849,216,1.8,36,36,0.23,543,0
2124,222,5.59,41,26,3.06,158,1
275,225,2.54,16,32,3.33,112,0
847,220,0.62,47,24,3.47,402,0
2381,221,2.79,27,45,0.69,759,1
1009,206,9.77,40,68,4.7,122,1
1554,213,8.11,98,22,0.99,273,1
502,214,9.62,46,26,3.15,294,0
865,206,5.13,17,77,1.19,398,0
708,208,1.54,77,68,1.61,471,1
596,247,5.71,98,58,2.78,985,1
1265,207,4.82,70,72,2.14,207,0
66,249,8.52,12,20,0.89,110,0
1293,222,1.43,81,68,0.94,440,1
2255,228,5.14,12,36,2.15,278,1
1119,217,1.93,99,62,3.81,963,1
2196,230,3.58,30,44,4.5,568,1
1818,229,7.5,1,78,0.51,887,0
1110,238,5.02,15,22,2.03,915,0
2377,234,4.07,8,34,0.59,569,1
351,217,4.25,72,48,0.18,940,0
230,241,4.86,37,72,3.34,482,0
656,238,7.96,74,62,3.05,803,0
749,216,8.97,53,51,0.9,114,0
1042,213,9.58,55,45,1.25,893,0
1189,230,7.98,85,79,0.22,897,1
240,223,3.5,96,35,4.19,820,1
2350,234,7.04,99,44,4.88,853,1
1030,243,4.66,86,73,0.76,477,1
2056,244,2.92,44,47,1.23,710,1
1234,233,8.49,33,28,4.36,933,1
177,202,0.87,8,75,4.64,321,1
2115,236,9.07,87,75,2.16,179,1
1866,242,4.88,7,20,0.35,897,0
1808,239,6.55,6,48,0.29,219,0
619,225,6.76,35,76,2.91,789,0
1396,222,9.0,17,41,2.03,949,0
1945,243,6.55,2,35,0.24,528,0
675,238,6.33,27,60,2.96,492,0
1736,214,1.13,69,70,0.16,891,0
204,248,5.42,43,63,3.96,61,0
1459,203,1.93,20,70,1.6,54,0
834,228,7.51,27,73,0.3,680,0
295,221,5.37,53,60,2.98,538,0
1550,224,6.96,53,26,2.05,848,0
1755,212,0.9,64,33,4.87,988,1
587,217,1.31,99,48,2.77,65,1
1940,232,7.31,20,38,1.45,612,0
1891,215,1.18,98,38,3.58,586,1
970,244,1.18,12,21,1.43,704,0
574,241,0.62,56,60,4.53,171,1
1579,243,9.59,48,64,1.94,273,0
85,201,7.51,53,34,2.79,889,0
734,234,3.86,9,22,0.35,699,0
69,241,3.32,52,30,2.19,535,0
2418,233,3.82,43,72,4.18,391,1
449,229,7.86,46,65,4.05,940,1
1021,212,6.78,52,49,1.2,693,0
1956,212,2.26,73,76,1.21,327,0
1216,217,2.15,45,59,4.1,108,1
1165,231,1.43,12,37,4.66,847,1
883,231,6.77,36,70,0.57,162,0
1873,234,7.76,23,67,2.31,814,0
2032,238,3.02,1,21,1.75,452,1
903,245,0.7,85,51,4.37,206,1
100,228,1.28,80,27,0.51,590,1
624,248,9.69,99,41,1.13,16,1
1198,228,3.31,13,25,3.79,327,0
2247,243,7.81,9,31,0.35,608,1
2411,215,6.43,34,66,2.51,659,1
2402,243,4.13,24,76,2.27,2,1
1765,246,2.45,2,59,1.74,10,0
731,209,1.65,16,55,2.03,434,0
887,229,6.34,11,34,2.7,125,0
1127,224,7.86,53,47,0.89,81,0
2361,238,6.62,23,71,2.9,485,1
1645,219,5.54,28,76,4.05,652,1
54,204,0.9,42,68,3.82,838,0
1176,200,9.7,24,64,0.85,150,0
1269,229,8.09,99,37,0.83,800,1
823,248,3.28,59,21,1.41,873,0
926,202,9.81,89,32,1.87,340,1
1041,244,6.22,64,64,2.1,129,0
96,213,6.03,83,73,3.43,438,1
318,229,7.61,27,34,0.38,751,0
419,249,8.21,15,39,0.27,501,0
685,203,6.74,46,48,2.02,58,0
1179,217,1.72,80,78,3.52,198,1
1743,236,3.71,91,61,1.05,211,1
1732,224,9.32,57,48,3.24,914,0
706,247,2.63,75,22,1.37,902,0
169,200,4.04,26,38,4.44,45,1
880,245,4.6,52,22,4.49,97,1
1860,214,4.67,41,73,1.56,279,0
1131,208,6.32,58,33,1.23,535,0
2024,214,9.46,46,59,2.12,410,1
1419,248,2.79,93,78,1.28,461,1
790,223,1.65,33,74,3.39,391,0
166,203,2.38,36,23,4.15,847,1
1903,211,8.93,5,78,3.4,44,0
1200,236,6.64,6,79,4.14,27,1
1981,236,3.22,95,71,2.05,794,1
1062,242,8.25,95,30,0.87,97,1
1714,205,8.68,24,77,3.72,975,0
1131,238,8.54,32,50,1.87,548,0
683,245,9.23,54,62,3.39,621,0
562,223,2.9,57,51,1.43,567,0
1169,210,7.67,6,46,0.5,704,0
1191,212,4.88,56,49,4.96,219,1
609,233,8.5,11,62,0.87,185,0
537,224,7.42,15,21,4.94,69,1
946,206,7.88,79,68,4.89,829,1
1262,203,6.73,42,28,3.99,130,0
753,207,2.19,99,47,3.33,567,1
1520,219,5.68,76,50,2.93,890,1
630,228,9.85,6,79,4.34,609,1
2344,244,9.41,99,53,1.52,848,1
203,245,0.91,50,75,2.39,599,0
1729,209,2.07,72,34,3.14,806,0
1046,242,1.75,31,67,2.11,631,0
1293,233,7.4,74,44,2.19,720,0
1142,225,8.27,7,55,1.72,334,0
1058,240,2.53,96,27,2.86,925,1
2191,248,5.31,86,28,4.27,154,1
1823,202,8.49,88,77,1.09,547,1
1007,205,7.46,71,77,4.68,79,1
502,204,5.65,44,56,3.48,579,0
1277,204,6.11,85,67,4.13,855,1
2315,246,5.33,58,64,2.83,413,1
2438,222,3.33,3,58,3.92,546,1
600,248,5.87,66,51,0.18,609,0
1685,208,7.04,28,77,4.11,169,1
1362,234,8.8,28,71,0.3,681,0
1807,219,6.54,97,36,4.46,663,1
406,248,7.73,97,54,4.96,583,1
2120,241,2.02,27,56,1.54,515,1
1835,234,4.88,76,38,1.13,314,1
1831,249,0.59,78,63,3.85,32,1
1681,217,2.84,86,48,1.34,287,1
1065,216,7.4,43,78,4.34,594,1
1398,223,9.92,89,26,0.6,43,1
565,202,1.44,3,47,0.72,903,0
385,231,4.31,89,28,4.9,617,1
1832,234,8.1,8,47,3.4,1,0
2355,237,2.44,4,25,4.25,573,1
546,212,5.77,55,48,1.69,270,0
945,246,7.46,95,77,3.41,180,1
2257,224,6.35,83,36,3.01,736,1
901,208,2.29,49,35,3.06,518,0
1737,203,3.88,74,42,3.44,103,0
1981,213,7.95,14,50,2.92,10,0
2477,236,5.77,31,22,2.2,583,1
1618,233,0.55,27,40,1.45,90,0
1006,210,7.73,21,45,3.87,226,0
1686,240,0.84,16,55,1.21,670,0
1341,202,7.58,58,61,3.49,740,0
1490,227,2.42,89,56,1.24,917,1
1241,228,9.6,70,72,3.16,126,0
1116,208,4.0,56,41,3.76,956,0
334,202,3.61,25,61,1.17,209,0
2494,224,1.91,24,31,0.39,97,1
61,233,3.4,9,61,0.74,74,0
1680,211,8.83,44,32,3.07,627,0
803,241,9.97,82,30,4.26,191,1
2132,208,4.0,10,73,0.32,682,1
139,214,4.76,76,35,3.7,819,1
825,239,7.36,52,27,1.77,960,0
1675,224,8.92,71,59,2.44,716,0
467,204,6.13,67,78,4.65,56,1
164,210,4.22,94,76,1.73,720,1
666,233,4.42,27,59,2.38,553,0
875,223,7.11,74,64,0.17,32,0
1699,214,0.53,64,78,0.5,527,0
1566,237,6.39,48,21,1.37,574,0
462,207,3.88,46,49,0.24,667,0
778,204,8.04,51,49,3.19,284,0
725,247,1.38,87,31,2.19,721,1
1942,225,6.09,53,29,2.79,832,0
2289,217,5.07,59,63,0.96,494,1
1172,205,6.6,56,30,1.55,187,0
1621,236,1.12,46,34,3.35,498,0
1027,247,6.01,30,35,4.83,442,1
1058,212,5.83,45,36,0.35,130,0
2193,227,5.83,25,45,4.46,639,1
1737,204,6.23,4,21,2.93,292,0
86,212,6.93,83,69,2.86,114,1
1598,216,8.15,51,31,2.55,199,0
2376,249,3.06,74,70,0.44,13,1
2314,239,8.34,53,45,0.54,271,1
922,244,5.23,32,42,3.04,601,0
1871,231,1.23,49,37,1.77,215,0
1346,228,1.06,37,51,4.59,444,1
2159,202,3.68,26,68,2.09,790,1
645,239,7.96,97,57,0.8,512,1
1953,233,7.22,14,76,3.6,447,0
778,239,7.99,95,66,1.54,986,1
1415,226,5.41,60,22,2.67,993,0
446,212,4.68,20,57,3.52,715,0
748,244,1.9,45,22,4.51,74,1
2274,232,3.62,68,49,3.98,537,1
1685,205,4.62,5,20,3.41,101,0
445,223,1.34,37,49,3.43,176,0
125,218,2.6,61,64,4.74,427,1
314,215,6.18,85,51,1.55,117,1
1869,239,7.49,61,47,0.11,166,0
767,227,9.98,81,40,1.43,41,1
900,232,9.36,77,77,1.17,429,1
1440,247,6.6,73,65,3.34,344,0
193,240,4.5,45,32,3.21,424,0
934,212,6.54,12,46,3.01,366,0
445,242,7.96,94,55,0.18,120,1
1542,244,1.62,93,26,3.67,609,1
1217,224,4.39,2,41,1.69,657,0
1112,241,8.48,93,29,3.36,728,1
2206,235,4.15,5,58,2.83,229,1
1115,226,5.93,92,72,1.78,825,1
1259,237,6.08,7,34,0.76,130,0
2495,206,2.25,43,34,0.56,352,1
683,204,3.94,32,23,4.17,889,1
1206,242,3.68,80,51,4.6,318,1
1288,244,0.75,74,42,3.28,984,0
782,230,0.73,76,74,0.61,649,1
284,222,8.4,49,25,2.07,836,0
800,241,3.09,10,43,3.67,337,0
1003,209,5.42,94,39,3.92,273,1
1592,231,3.34,27,77,0.68,117,0
1247,242,9.44,69,56,0.1,818,0
1726,229,2.96,40,39,3.59,368,0
1241,238,4.58,15,31,1.85,94,0
2267,230,8.79,67,52,1.35,168,1
1466,217,8.5,98,47,0.16,954,1
1267,235,2.27,47,27,2.75,715,0
1590,201,8.13,55,20,4.27,341,1
2126,213,4.85,63,56,4.79,661,1
1495,212,5.09,58,41,2.87,914,0
2436,228,1.77,89,25,2.62,695,1
1569,211,1.27,61,40,0.52,925,0
1438,238,7.42,75,51,2.79,152,0
1906,201,5.22,10,54,1.96,586,0
1415,231,4.65,88,34,3.07,877,1
549,212,7.43,17,24,2.0,913,0
1730,245,7.77,18,79,1.28,274,0
560,226,2.01,86,75,0.57,554,1
266,248,6.3,54,65,1.64,496,0
1374,240,1.79,81,69,0.57,724,1
1205,216,7.64,25,67,0.97,101,0
1877,239,6.74,5,25,4.94,557,1
1860,230,9.59,3,44,2.28,82,0
1255,233,1.16,28,75,2.71,529,0
2264,223,1.04,58,65,4.38,73,1
140,244,3.18,97,78,4.98,14,1
763,234,2.99,16,75,2.96,433,0
1931,247,2.85,42,59,4.08,157,1
88,205,9.11,79,48,1.7,735,1
222,218,2.87,65,26,1.6,132,0
702,229,3.08,33,59,2.07,338,0
803,206,7.71,7,32,3.4,404,0
1293,209,4.77,12,57,3.44,376,0
1131,240,7.88,7,37,1.64,888,0
1733,231,1.12,93,21,0.75,559,1
505,233,5.13,95,27,3.2,107,1
878,227,0.82,99,30,0.73,620,1
944,214,1.1,93,52,2.93,265,1
1434,229,9.11,64,73,3.5,205,0
2008,236,1.82,42,57,3.53,79,1
2484,228,5.56,38,67,3.79,155,1
2046,221,4.41,80,46,4.38,783,1
2445,203,3.8,58,39,2.55,988,1
239,219,9.05,83,31,3.68,997,1
554,231,0.71,87,62,3.13,247,1
1264,235,6.81,85,50,1.01,531,1
1581,249,9.65,92,46,0.23,858,1
873,203,5.82,85,51,1.49,948,1
978,226,9.4,43,29,2.27,538,0
983,216,1.0,8,22,3.12,729,0
1190,211,4.48,36,64,4.26,154,1
183,221,2.97,73,46,1.06,154,0
2155,216,7.44,35,54,0.72,686,1
734,209,9.82,91,50,4.82,92,1
2270,200,2.94,27,34,0.63,433,1
1902,221,6.71,41,35,2.44,338,0
864,225,2.38,42,32,2.97,480,0
1222,217,5.87,84,68,2.75,693,1
129,249,4.91,87,54,0.52,131,1
252,213,9.73,41,71,0.38,450,0
1302,246,6.28,65,30,0.62,993,0
1749,228,3.82,54,78,2.97,810,0
1300,211,1.58,71,40,2.77,787,0
1732,235,1.94,47,70,1.25,273,0
1605,234,2.64,90,73,3.23,929,1
2144,211,2.88,21,30,4.12,588,1
1306,206,8.58,26,49,0.3,177,0
1599,228,5.83,92,79,2.54,696,1
1216,210,5.47,66,67,3.48,831,0
1446,232,1.59,12,72,1.34,643,0
520,205,8.67,44,54,1.61,875,0
1085,246,7.37,9,41,3.11,49,0
1403,214,1.14,99,57,4.5,567,1
1017,231,7.22,8,50,4.07,666,1
407,210,5.66,53,33,2.96,355,0
717,222,1.28,26,43,3.68,712,0
422,225,4.85,33,69,1.89,308,0
1081,233,5.1,0,68,3.24,868,0
1195,245,2.07,31,51,2.38,885,0
1421,233,9.48,88,55,1.03,630,1
139,228,8.57,92,51,3.54,775,1
589,203,6.86,70,74,2.83,46,0
918,216,4.89,66,34,1.86,302,0
90,234,4.41,83,62,4.57,868,1
789,212,6.68,19,77,0.2,912,0
1996,240,5.68,93,54,1.65,408,1
1274,238,1.09,34,22,0.38,189,0
978,214,5.37,98,35,3.86,822,1
2086,228,8.16,90,24,3.54,830,1
974,228,4.86,89,40,1.72,129,1
1631,210,0.99,77,29,3.41,561,1
439,231,7.97,16,38,2.04,537,0
1667,201,2.41,17,44,3.81,266,0
305,246,2.96,44,23,2.33,118,0
758,213,2.06,92,48,2.12,464,1
1888,219,3.64,83,38,4.68,144,1
1994,221,7.69,52,62,1.33,442,0
59,210,5.43,90,21,0.69,200,1
847,226,2.45,81,29,2.96,157,1
926,202,8.84,67,62,4.85,487,1
1078,216,8.86,64,44,1.95,860,0
1065,243,8.77,0,39,0.4,134,0
1874,227,2.77,57,67,1.76,912,0
423,228,4.79,25,38,2.58,148,0
2243,220,9.86,19,42,0.89,336,1
273,246,7.83,86,43,3.32,71,1
1312,215,0.76,9,30,4.99,233,1
2274,236,1.12,58,65,2.31,334,1
1852,219,4.91,74,53,1.84,811,0
902,205,9.14,40,74,2.06,666,0
112,218,5.62,4,47,0.66,90,0
1290,204,5.23,64,24,4.43,334,1
738,202,1.5,16,78,2.13,199,0
1534,200,6.74,21,24,2.0,161,0
1683,237,8.31,97,70,3.33,538,1
2202,214,4.11,40,40,2.27,121,1
560,233,7.87,92,31,3.28,301,1
434,234,9.66,67,69,0.4,724,0
454,248,2.44,68,23,4.09,575,1
567,224,5.47,10,73,4.71,963,1
525,223,3.23,55,68,3.28,436,0
2050,211,8.03,50,61,4.78,68,1
1718,217,5.99,20,39,0.84,765,0
1943,214,6.53,98,57,2.44,922,1
1510,243,8.08,75,44,3.05,459,0
763,215,4.26,25,33,2.95,514,0
132,226,9.19,18,30,2.07,398,0
1218,207,5.56,59,51,1.76,620,0
1951,245,2.0,70,30,0.72,286,0
2098,224,7.11,46,37,2.02,561,1
100,216,8.04,70,46,0.9,140,0
734,228,3.51,25,74,3.7,730,0
766,207,8.64,39,73,1.12,556,0
1519,214,9.11,4,37,0.39,929,0
498,226,3.13,20,75,2.81,781,0
930,245,9.84,77,42,3.02,590,1
537,249,1.84,3,30,4.37,728,1
1873,206,2.42,22,40,2.93,894,0
2131,202,2.25,83,63,1.79,610,1
2192,228,8.99,14,24,4.03,748,1
1624,243,6.72,92,42,2.75,282,1
2251,223,1.94,7,60,0.49,661,1
299,202,4.68,40,78,2.87,924,0
723,219,6.35,18,44,4.55,816,1
487,245,1.29,45,60,2.04,996,0
2215,214,8.88,27,73,1.55,936,1
820,224,8.13,90,29,0.8,578,1
317,229,5.3,67,41,0.84,746,0
2034,213,9.69,14,38,2.22,457,1
1127,206,4.47,98,20,3.02,87,1
285,216,9.85,36,26,0.5,79,0
438,243,6.85,0,23,4.7,205,1
812,219,6.53,66,20,3.8,791,0
1898,235,2.08,23,34,2.97,337,0
2498,208,8.88,26,59,4.16,254,1
673,237,4.56,39,31,0.49,304,0
1302,247,2.04,62,41,2.44,380,0
627,221,0.62,60,41,3.19,130,0
2172,201,5.82,35,69,4.16,596,1
484,223,5.51,97,66,3.94,276,1
2200,207,7.33,92,36,1.46,699,1
813,210,8.96,23,48,4.71,558,1
1379,212,1.25,23,65,0.71,899,0
2195,216,7.45,3,33,4.39,183,1
1408,207,2.28,66,69,4.86,268,1
496,220,8.65,33,39,0.97,808,0
2067,217,8.28,56,69,3.64,322,1
1381,229,5.64,48,67,0.3,512,0
298,217,7.25,86,52,2.09,612,1
215,245,3.49,52,74,2.63,78,0
1408,246,4.98,22,78,2.95,784,0
1069,230,8.31,68,62,4.69,339,1
591,237,4.86,94,34,3.39,674,1
808,231,3.9,52,31,2.46,556,0
2178,210,5.2,61,59,4.07,509,1
2230,244,8.37,40,73,4.76,238,1
846,224,3.68,56,39,0.21,134,0
187,232,2.15,59,49,4.91,973,1
2281,237,7.26,53,57,0.52,192,1
1403,240,8.35,69,22,4.09,356,1
1925,207,1.46,56,47,1.47,278,0
118,210,2.78,9,75,0.75,18,0
2150,221,1.85,39,45,2.26,524,1
1523,223,3.81,6,49,3.26,180,0
254,240,4.78,37,32,1.97,123,0
2223,216,7.61,84,32,0.37,246,1
92,211,6.69,60,21,3.04,734,0
1956,245,6.4,83,56,4.52,373,1
2208,231,3.85,2,68,1.98,51,1
810,214,8.49,50,57,1.16,71,0
2192,215,4.98,85,21,2.27,480,1
2044,221,9.8,46,55,0.34,560,1
1985,227,6.52,67,73,4.12,19,1
949,219,1.7,91,45,4.15,774,1
409,232,6.92,75,30,2.98,84,0
1769,209,3.59,37,27,1.83,155,0
330,239,7.02,35,63,4.02,565,1
1937,231,1.16,40,59,2.82,619,0
716,249,2.16,68,62,4.15,357,1
142,232,8.63,12,41,3.19,816,0
721,201,2.66,86,39,3.94,647,1
2019,232,8.45,57,27,3.03,443,1
110,232,3.15,49,48,2.13,69,0
1078,240,6.61,29,59,4.79,523,1
1539,212,7.09,61,45,2.75,143,0
653,229,5.37,24,49,3.06,192,0
731,232,3.4,26,36,1.18,387,0
1478,212,2.52,50,39,3.17,378,0
2330,225,0.82,77,71,2.9,581,1
573,221,3.39,56,74,1.01,535,0
2443,238,6.71,46,35,0.39,693,1
2018,201,9.41,99,65,3.06,293,1
1151,237,8.78,38,62,3.84,9,0
1803,238,7.78,15,26,2.66,271,0
1886,225,7.99,21,35,1.21,387,0
2346,245,6.82,84,64,3.37,93,1
2144,249,2.97,53,78,0.49,966,1
1194,214,9.12,20,66,2.26,529,0
2311,233,6.87,71,75,0.9,154,1
2336,241,5.82,15,67,1.0,405,1
1129,243,1.55,58,46,1.09,840,0
2447,248,4.75,30,72,1.99,149,1
156,239,4.87,41,42,0.35,889,0
97,210,8.71,73,43,2.05,267,0
386,202,5.69,31,28,2.61,422,0
1099,205,4.11,58,54,2.47,840,0
1330,208,9.78,33,70,1.98,618,0
2105,205,1.55,8,39,4.21,472,1
674,208,4.51,80,56,0.81,893,1
1940,238,0.9,10,61,2.58,547,0
1326,230,7.53,95,36,0.4,631,1
1765,231,9.22,9,66,0.45,526,0
352,240,3.16,85,50,2.91,503,1
688,249,8.65,16,74,2.87,14,0
105,211,3.28,67,76,4.4,778,1
775,207,9.15,47,27,2.83,652,0
575,207,7.66,51,34,4.8,806,1
523,249,8.15,24,50,0.34,364,0
77,227,0.67,20,72,0.58,119,0
2175,219,9.65,64,49,0.32,238,1
414,246,7.4,62,65,1.01,546,0
575,206,3.4,88,39,2.75,169,1
1385,210,8.38,50,79,3.26,522,0
932,219,3.17,35,58,0.32,634,0
1080,215,8.79,80,72,4.74,913,1
1076,203,1.57,87,74,4.23,657,1
1696,205,7.19,65,31,1.55,963,0
968,221,5.64,14,68,0.48,958,0
2460,225,1.42,95,36,0.93,735,1
1824,202,2.8,38,61,0.72,883,0
1581,240,0.62,69,49,0.7,769,0
1956,241,4.95,0,48,2.64,780,0
1265,213,3.36,22,38,1.3,871,0
1704,210,6.18,38,65,1.85,516,0
534,217,3.32,56,30,4.95,938,1
2125,211,3.35,80,53,3.45,397,1
763,222,7.56,33,69,4.75,866,1
1112,211,0.96,40,26,0.8,106,0
2026,212,9.08,92,63,1.97,85,1
1346,224,8.6,72,77,2.82,214,0
1304,244,6.84,12,53,0.48,121,0
2183,218,6.14,69,78,0.12,132,1
175,245,8.98,5,39,3.39,850,0
586,235,2.26,83,69,3.24,197,1
2242,244,1.25,51,57,2.11,19,1
2122,207,2.78,2,43,2.5,642,1
1653,228,8.05,80,29,2.14,12,1
116,231,0.83,62,51,0.22,81,0
282,243,6.04,48,71,1.74,330,0
2206,217,9.96,75,34,0.97,866,1
1219,205,8.63,46,56,0.58,774,0
2208,217,5.45,54,39,4.79,392,1
2325,218,1.1,63,22,3.04,637,1
160,221,8.4,64,56,3.67,307,0
1543,236,6.19,80,76,1.65,267,1
2131,231,1.59,66,59,2.03,447,1
672,240,1.39,89,27,1.26,441,1
1591,202,9.14,14,59,0.58,895,0
1355,227,6.86,99,63,0.98,652,1
1811,209,8.38,31,75,4.01,841,1
2025,234,8.85,95,42,3.42,2,1
2412,228,5.93,67,59,2.78,520,1
926,214,5.42,17,30,2.43,762,0
2039,232,4.59,82,65,4.62,651,1
1362,206,3.51,42,27,0.46,636,0
1510,211,4.63,34,48,1.47,309,0
2374,248,7.85,77,49,1.81,740,1
1783,229,6.22,57,75,3.93,522,0
1655,220,8.98,32,79,4.96,469,1
1576,230,4.71,13,29,1.28,212,0
2447,223,6.27,33,58,4.38,112,1
1680,219,6.5,60,47,4.17,8,1
1210,236,6.12,3,68,1.2,804,0
808,203,7.18,87,55,2.06,477,1
292,227,2.76,58,32,2.11,874,0
1113,243,5.37,28,51,4.89,460,1
278,219,1.49,82,55,0.99,253,1
969,223,4.15,5,56,4.02,526,1
1296,249,5.13,96,45,1.74,752,1
55,248,6.7,48,41,3.68,438,0
517,231,9.53,39,23,2.16,754,0
1805,240,6.21,82,50,2.93,981,1
124,235,7.56,64,37,4.18,854,1
53,233,5.31,68,57,4.04,661,1
1920,235,6.52,26,43,4.35,236,1
695,201,1.17,79,75,0.39,306,1
167,214,2.92,5,42,3.49,478,0
1679,233,3.94,12,41,0.79,679,0
2071,235,4.99,63,21,2.14,20,1
996,205,0.93,61,50,2.79,216,0
1514,238,1.83,98,74,2.07,855,1
243,241,3.13,18,30,2.65,135,0
896,211,9.73,75,47,4.98,905,1
1465,202,3.65,79,65,0.76,129,1
1508,244,5.08,42,51,3.41,410,0
2270,217,2.36,73,24,2.04,422,1
1718,239,6.3,88,57,0.75,294,1
2423,220,3.17,19,29,0.88,246,1
1483,214,2.47,94,59,4.75,701,1
1191,232,5.41,67,65,4.41,556,1
1860,234,0.55,43,43,4.54,86,1
773,225,0.57,22,54,4.96,556,1
274,207,2.58,1,63,1.12,842,0
581,235,0.85,21,67,1.84,375,0
162,247,1.53,56,79,3.38,446,0
2237,229,3.72,71,42,2.47,378,1
608,222,8.12,6,36,2.15,390,0
2098,241,5.93,77,20,1.85,657,1
2187,243,5.37,55,74,3.01,51,1
703,213,3.29,66,50,2.92,242,0
369,213,9.35,15,50,0.89,294,0
1623,201,4.27,82,61,2.41,920,1
1878,236,1.33,50,76,2.81,563,0
1967,204,6.36,81,74,2.89,266,1
188,237,1.58,79,61,1.13,120,1
2076,244,3.78,71,72,3.74,712,1
2356,240,5.32,96,75,0.22,917,1
951,246,8.81,11,53,1.84,248,0
739,213,5.19,52,28,3.92,70,0
2089,238,7.17,74,41,2.86,853,1
59,224,9.93,4,32,1.38,57,0
310,219,1.75,26,44,3.51,382,0
1992,201,3.11,11,67,2.88,39,0
1723,238,4.25,16,37,4.0,984,0
2269,205,4.51,5,70,3.7,801,1
2110,216,4.4,96,31,3.09,443,1
1241,224,9.12,4,59,2.49,18,0
1669,227,7.28,56,36,0.75,952,0
370,201,6.28,27,34,1.38,732,0
1392,234,3.44,77,61,2.15,825,1
1686,236,8.33,68,34,3.04,756,0
2426,204,9.57,58,34,2.62,352,1
2044,200,8.3,32,74,1.51,972,1
1993,239,0.51,61,58,0.13,816,0
2088,211,6.55,49,32,2.53,298,1
1168,235,0.99,18,36,1.5,283,0
1654,244,2.95,85,51,3.7,586,1
2415,222,1.07,68,28,0.22,110,1
285,246,6.24,65,59,2.97,180,0
2019,230,7.02,93,39,4.71,938,1
383,210,1.59,46,45,0.95,544,0
1958,209,4.15,38,46,2.41,746,0
425,202,4.83,67,40,0.55,794,0
1210,213,4.01,32,37,3.17,25,0
1620,215,1.65,12,32,2.8,843,0
1369,209,4.48,83,35,2.1,791,1
1905,228,7.64,53,28,2.65,738,0
1422,209,1.17,6,31,4.49,57,1
922,211,1.26,78,63,1.06,180,1
1302,229,3.87,86,57,0.21,232,1
2367,240,9.45,13,38,4.32,894,1
1901,200,6.85,86,79,2.93,343,1
1364,204,6.95,18,26,4.46,477,1
774,219,3.94,53,76,3.03,799,0
2102,207,6.14,92,54,4.07,576,1
127,242,0.6,19,67,2.21,455,0
181,211,6.54,28,37,3.77,232,0
650,200,9.18,23,35,4.57,289,1
1822,219,6.32,81,74,2.9,213,1
1115,227,8.8,62,58,0.99,258,0
2186,242,7.38,73,23,1.42,530,1
2499,236,1.65,56,78,1.07,687,1
2393,246,9.07,7,44,1.31,929,1
1913,236,1.13,89,51,1.6,229,1
1368,211,5.57,61,59,2.82,226,0
665,236,1.85,28,32,2.98,596,0
1938,248,0.61,73,64,2.19,803,0
1096,248,4.51,16,36,3.12,435,0
624,243,3.3,65,68,0.5,882,0
2240,227,5.12,5,56,0.53,758,1
1042,246,5.98,57,25,0.94,402,0
2242,214,0.92,68,38,2.64,622,1
1298,205,1.67,27,32,1.15,766,0
552,243,5.81,61,76,1.49,88,0
2047,219,3.76,40,79,2.06,584,1
870,249,7.43,68,45,4.08,893,1
2201,213,6.7,81,33,0.17,542,1
2020,201,8.53,89,50,3.28,684,1
247,208,7.08,83,73,3.38,309,1
1719,236,4.58,40,23,4.01,906,1
2488,219,6.89,48,79,4.67,343,1
1252,225,3.12,90,58,0.2,436,1
1521,228,3.41,48,27,0.85,177,0
1696,200,8.0,75,44,4.44,139,1
1742,234,4.74,70,32,2.35,194,0
1362,205,8.08,2,51,2.87,186,0
2085,236,8.31,9,78,3.35,218,1
527,204,8.65,97,57,3.43,164,1
1304,232,9.21,88,57,4.67,161,1
972,248,4.59,34,75,4.99,943,1
469,213,3.53,79,47,3.63,525,1
2254,211,6.03,1,72,1.51,808,1
1170,241,4.03,23,49,4.41,601,1
1000,219,6.21,73,22,0.34,836,0
2386,249,7.2,37,47,1.23,42,1
1327,223,7.04,21,22,4.5,915,1
2293,242,4.06,25,64,1.36,210,1
1907,233,2.09,42,73,1.18,741,0
566,224,4.59,54,53,0.78,862,0
1708,249,1.85,38,35,4.31,275,1
1915,228,8.96,90,41,2.55,954,1
1191,238,3.79,28,51,3.41,279,0
1982,230,1.97,19,57,1.27,251,0
864,246,0.74,90,27,3.81,310,1
2325,242,6.64,40,74,3.82,720,1
1950,249,6.55,53,27,1.63,833,0
2313,222,3.74,19,76,2.11,140,1
2112,243,1.18,18,25,1.13,792,1
2144,237,4.39,83,33,4.89,546,1
2421,219,3.46,98,51,3.26,821,1
179,222,6.93,65,54,4.68,904,1
144,244,6.25,29,29,1.59,530,0
2005,215,3.96,52,22,3.93,57,1
843,249,2.57,33,78,3.85,112,0
1884,241,9.89,21,31,3.49,5,0
2166,207,4.81,66,68,4.83,410,1
1733,249,7.04,5,78,2.03,414,0
60,220,1.84,78,50,0.74,182,1
1915,200,5.11,26,48,3.39,13,0
761,207,0.76,9,24,3.67,339,0
2120,228,5.3,72,71,2.92,797,1
864,231,9.66,96,44,1.11,259,1
395,237,4.15,95,60,2.57,90,1
2399,204,0.87,47,50,1.63,616,1
412,246,0.79,69,40,2.19,891,0
2493,221,4.19,58,77,3.26,698,1
2315,246,2.02,99,39,3.75,250,1
2238,233,0.72,58,58,1.24,255,1
1034,200,7.68,1,41,2.09,588,0
1689,225,4.86,28,23,1.42,898,0
877,242,3.25,67,32,1.07,971,0
405,209,9.05,64,64,3.94,108,0
1397,229,1.6,82,61,4.56,668,1
1913,249,9.58,25,69,1.91,594,0
176,217,3.48,88,68,3.78,589,1
653,216,8.94,9,39,4.5,485,1
1978,225,6.23,52,71,4.25,982,1
1063,207,8.35,78,32,1.0,972,1
100,246,9.85,58,36,4.79,258,1
1480,239,3.24,21,73,1.95,639,0
1842,248,9.63,50,55,1.76,997,0
1686,211,4.2,47,52,0.41,903,0
1695,226,4.16,20,20,2.48,282,0
1255,207,3.73,21,34,0.63,986,0
1904,224,5.64,99,32,1.32,88,1
616,245,1.96,97,36,1.65,204,1
2468,203,5.76,29,43,4.06,16,1
985,232,5.65,24,77,4.39,151,1
1984,200,7.74,27,27,1.58,936,0
1382,218,8.42,64,69,4.31,254,1
251,230,4.68,44,46,4.3,188,1
2410,215,3.37,67,64,3.85,329,1
166,213,2.96,6,42,0.82,544,0
986,247,2.35,48,65,3.48,783,0
624,204,1.05,8,27,4.73,997,1
2341,240,3.75,35,27,3.44,397,1
586,225,3.07,82,78,1.72,517,1
1675,227,9.68,0,45,2.55,459,0
2172,201,5.8,9,66,3.26,330,1
435,249,3.8,35,78,2.6,820,0
524,205,6.01,72,32,0.69,845,0
467,208,1.82,45,58,1.63,169,0
2444,232,4.72,31,56,4.03,693,1
988,240,6.45,31,68,4.32,366,1
1004,224,5.14,5,47,0.77,178,0
925,247,4.32,47,44,4.77,655,1
812,212,9.94,37,35,1.71,362,0
1252,208,8.86,16,74,3.35,760,0
1255,212,6.42,73,21,3.78,639,0
713,230,5.91,26,73,4.08,775,1
74,240,6.4,53,37,4.73,40,1
2040,210,2.41,49,36,1.63,924,1
1253,203,4.25,34,49,4.31,416,1
759,233,0.87,84,58,0.75,355,1
1929,237,5.02,24,32,3.55,255,0
1234,245,5.66,27,51,3.74,143,0
2274,203,2.66,14,69,3.42,752,1
334,237,9.66,3,48,1.34,740,0
112,218,9.14,92,65,4.38,853,1
1052,205,7.36,72,49,0.93,710,0
711,233,5.57,26,37,0.36,577,0
2253,217,8.76,25,32,3.62,900,1
1542,212,1.74,18,62,2.43,11,0
1016,240,8.01,91,40,4.26,620,1
898,222,1.69,16,49,1.98,26,0
